Name_lang,Pos_0,Pos_1,Pos_2,MapOffset_0,MapOffset_1,FlightMapOffset_0,FlightMapOffset_1,ID,ContinentID,ConditionID,CharacterBitNumber,Flags,UiTextureKitID,MinimapAtlasMemberID,Facing,SpecialIconConditionID,VisibilityConditionID,MountCreatureID_0,MountCreatureID_1
Northshire Abbey,-8888.980469,-0.540000021,94.38999939,0,0,0,0,1,0,0,0,0,0,0,0,0,0,308,0
"Stormwind, Elwynn",-8841.05957,489.6560059,109.6070023,0.00998004,0.010174419,0,0,2,0,0,2,1,0,0,0,0,0,0,541
Programmer Isle,16391.81055,16341.20996,69.44000244,0,0,0,0,3,0,0,0,0,0,0,0,0,0,308,0
"Sentinel Hill, Westfall",-10551.90039,1034.390015,56.95429993,0,0,0,0,4,0,0,4,1,0,0,0,0,0,0,541
"Lakeshire, Redridge",-9429.099609,-2231.399902,68.65000153,0,0,0,0,5,0,0,5,1,0,0,0,0,0,0,541
"Ironforge, Dun Morogh",-4821.779785,-1155.439941,502.2099915,0,0,0,0,6,0,0,6,1,0,0,0,0,0,0,541
"Menethil Harbor, Wetlands",-3787.810059,-777.6959839,1.558200002,-0.002,0.002,0,0,7,0,0,7,1,0,0,0,0,0,0,541
"Thelsamar, Loch Modan",-5421.910156,-2930.01001,347.25,0,0,0,0,8,0,0,8,1,0,0,0,0,0,0,541
"Booty Bay, Stranglethorn",-14271.7998,299.8699951,31.09000015,0,0,0,0,9,0,0,0,0,0,0,0,0,0,0,541
"The Sepulcher, Silverpine Forest",478.8599854,1536.589966,131.3200073,0,0,0,0,10,0,0,10,2,0,0,0,0,0,3574,0
"Undercity, Tirisfal",1568.619995,267.9700012,-43.09999847,0,0,0,0,11,0,0,11,2,0,0,0,0,0,3574,0
"Darkshire, Duskwood",-10515.5,-1261.650024,41.34000015,0,0,0,0,12,0,0,12,1,0,0,0,0,0,0,541
"Tarren Mill, Hillsbrad",-17.70660019,-874.2030029,59.00559998,0,0.003,0,0,13,0,0,13,2,0,0,0,0,0,3574,0
"Southshore, Hillsbrad",-711.4799805,-515.4799805,26.11000061,0,0,0,0,14,0,5793,14,0,0,0,0,0,0,0,541
Eastern Plaguelands,2253.399902,-5344.899902,83.37999725,0,0,0,0,15,0,0,0,0,0,0,0,0,0,0,541
"Refuge Pointe, Arathi",-1240.530029,-2515.110107,22.15999985,0,0,0,0,16,0,0,16,1,0,0,0,0,0,0,541
"Hammerfall, Arathi",-916.289978,-3496.889893,70.44999695,0.007,-0.007,0,0,17,0,0,17,2,0,0,0,0,0,2224,0
"Booty Bay, Stranglethorn",-14444.29004,509.6199951,26.20000076,0,0,0,0,18,0,0,18,2,0,0,0,0,0,2224,0
"Booty Bay, Stranglethorn",-14473,464.1499939,36.43000031,0,0,0,0,19,0,0,19,1,0,0,0,0,0,0,541
"Grom'gol, Stranglethorn",-12414.2002,146.2899933,3.279999971,0,0,0,0,20,0,0,20,2,0,0,0,0,0,2224,0
"New Kargath, Badlands",-6676.870117,-2433.370117,272.7709961,0.002,-0.01,0,0,21,0,0,21,2,0,0,0,0,0,2224,0
"Thunder Bluff, Mulgore",-1197.209961,29.70999908,176.9499969,0,0,0,0,22,1,0,22,2,0,0,0,0,0,2224,0
"Orgrimmar, Durotar",1798.27002,-4363.27002,102.8479996,0.0249501,0.004360465,0,0,23,1,0,23,2,0,0,0,0,0,2224,0
"Generic, World Target 002",-6666,-2222.300049,278.6000061,0,0,0,0,24,0,0,24,0,0,0,0,0,0,0,0
"The Crossroads, Northern Barrens",-441.7999878,-2596.080078,96.05999756,0.00399202,-0.0101744,0,0,25,1,0,25,2,0,0,0,0,0,2224,0
"Lor'danel, Darkshore",7459.899902,-326.5599976,8.090000153,0,-0.02,0,0,26,1,0,26,1,0,0,0,0,0,0,3837
"Rut'theran Village, Teldrassil",8383.75,980.9639893,30.82920074,0,0,0,0,27,1,0,27,1,0,0,0,0,0,0,3837
"Astranaar, Ashenvale",2827.340088,-289.2399902,107.1600037,0.008,0,0,0,28,1,0,28,1,0,0,0,0,0,0,3837
"Sun Rock Retreat, Stonetalon Mountains",966.5700073,1040.319946,104.2699966,0.021,0.005,0,0,29,1,0,29,2,0,0,0,0,0,2224,0
"Westreach Summit, Thousand Needles",-4310.609863,-927.0640259,81.17960358,0,0,0,0,30,1,0,30,2,0,0,0,0,0,2224,0
"Shadebough, Feralas",-4996.879883,73.94270325,99.83850098,0,0,0,0,31,1,0,31,1,0,0,0,0,0,0,3837
"Theramore, Dustwallow Marsh",-3825.370117,-4516.580078,10.43999958,0,0.008,0,0,32,1,0,32,1,0,0,0,0,0,0,541
"Thal'darah Overlook, Stonetalon Mountains",2147.25,1537.869995,341.2399902,-0.017000001,0,0,0,33,1,0,33,1,0,0,0,0,0,0,3837
"Transport, Booty Bay",-1965.170044,-5824.290039,-1.059999943,0,0,0,0,34,1,0,0,0,0,0,0,0,0,0,0
"Transport, Orgrimmar",1320.069946,-4649.200195,21.56999969,0,0,0,0,35,1,0,0,0,0,0,0,0,0,0,0
"Generic, World Target 001",-8644.620117,433.2799988,59.45999908,0,0,0,0,36,0,0,0,0,0,0,0,0,0,15665,0
"Nijel's Point, Desolace",139.2400055,1325.819946,193.5,0.007,0,0,0,37,1,0,37,1,0,0,0,0,0,0,3837
"Shadowprey Village, Desolace",-1767.640015,3263.889893,4.940000057,0,0,0,0,38,1,0,38,2,0,0,0,0,0,2224,0
"Gadgetzan, Tanaris",-7185.970215,-3768.23999,9.300530434,0,0,0,0,39,1,0,39,1,0,0,0,0,0,0,541
"Gadgetzan, Tanaris",-7094.029785,-3813.689941,9.49695015,0,0,0,0,40,1,0,40,2,0,0,0,0,0,2224,0
"Feathermoon, Feralas",-4467.040039,2188.639893,17.89389992,0,-0.01,0,0,41,1,0,41,1,0,0,0,0,0,0,3837
"Camp Mojache, Feralas",-4419.859863,199.3099976,25.05999947,-0.004,0,0,0,42,1,0,42,2,0,0,0,0,0,2224,0
"Aerie Peak, The Hinterlands",283.7399902,-2002.76001,194.7400055,0,-0.01,0,0,43,0,0,43,1,0,0,0,0,0,0,541
"Bilgewater Harbor, Azshara",3547.199951,-6294.660156,0.754244983,0,0,0,0,44,1,0,44,2,0,0,0,0,0,2224,0
"Nethergarde Keep, Blasted Lands",-11112.2998,-3435.73999,79.08999634,0,0.015,0,0,45,0,0,45,1,0,0,0,0,0,0,541
"Transport, Southshore",-986.4299927,-547.8599854,-3.859999895,0,0,0,0,46,0,0,0,0,0,0,0,0,0,0,0
"Transport, Grom'gol",-12418.76953,235.4299927,1.120000005,0,0,0,0,47,0,0,0,0,0,0,0,0,0,0,0
"Bloodvenom Post, Felwood [DISABLED in 4.x]",5123.509766,-321.1809998,359.5400085,0,0,0,0,48,1,5793,48,0,0,0,0,0,0,2224,0
Moonglade,7458.450195,-2487.209961,462.3299866,0,0,0,0,49,1,0,49,1,0,0,0,0,0,0,3837
"Transport, Menethil Harbor",0,0,0,0,0,0,0,50,0,0,0,0,0,0,0,0,0,0,0
"Transport, Auberdine",0,0,0,0,0,0,0,51,0,0,0,0,0,0,0,0,0,0,0
"Everlook, Winterspring",6796.799805,-4742.390137,701.5,0,-0.01,0,0,52,1,0,52,1,0,0,0,0,0,0,3837
"Everlook, Winterspring",6813.060059,-4611.120117,710.6699829,0,-0.009,0,0,53,1,0,53,2,0,0,0,0,0,2224,0
"Transport, Feathermoon",-4203.870117,3284,-12.85999966,0,0,0,0,54,1,0,0,0,0,0,0,0,0,0,0
"Brackenwall Village, Dustwallow Marsh",-3147.389893,-2842.179932,34.61000061,-0.006,0,0,0,55,1,0,55,2,0,0,0,0,0,2224,0
"Stonard, Swamp of Sorrows",-10457,-3279.25,21.35000038,-0.008,0,0,0,56,0,0,56,2,0,0,0,0,0,2224,0
"Fishing Village, Teldrassil",8701.509766,991.3699951,14.21000004,0,0,0,0,57,1,0,0,0,0,0,0,0,0,0,3837
"Zoram'gar Outpost, Ashenvale",3351.820068,1052.300049,3.069999933,-0.008,-0.009,0,0,58,1,0,58,2,0,0,0,0,0,2224,0
"Dun Baldar, Alterac Valley",574.210022,-46.65000153,37.61000061,0,0,0,0,59,30,0,0,0,0,0,0,0,0,0,541
"Frostwolf Keep, Alterac Valley",-1335.439941,-319.6900024,90.66000366,0,0,0,0,60,30,0,0,0,0,0,0,0,0,3574,0
"Splintertree Post, Ashenvale",2302.389893,-2524.550049,104.4000015,0,-0.012,0,0,61,1,0,61,2,0,0,0,0,0,2224,0
"Nighthaven, Moonglade",7793.609863,-2403.469971,489.3200073,0,0,0,0,62,1,0,0,1,0,0,0,0,0,0,3837
"Nighthaven, Moonglade",7787.720215,-2404.100098,489.5599976,0,0,0,0,63,1,0,0,2,0,0,0,0,0,2224,0
"Talrendis Point, Azshara (NEVER in 4.x)",2721.98999,-3880.639893,100.8700027,0,0,0,0,64,1,5793,64,0,0,0,0,0,0,0,3837
"Talonbranch Glade, Felwood",6214.319824,-1874.280029,565.9559937,0.004,0,0,0,65,1,0,65,1,0,0,0,0,0,0,3837
"Chillwind Camp, Western Plaguelands",931.3200073,-1430.109985,64.66999817,-0.007,0.015,0,0,66,0,0,66,1,0,0,0,0,0,0,541
"Light's Hope Chapel, Eastern Plaguelands",2271.090088,-5340.799805,87.11000061,0,0,0,0,67,0,924,67,1,0,0,0,0,0,0,44248
"Light's Hope Chapel, Eastern Plaguelands",2270.199951,-5343.109863,86.97329712,-0.008,-0.005,0,0,68,0,923,68,2,0,0,0,0,0,44248,0
Moonglade,7470.390137,-2123.379883,492.3399963,0,0,0,0,69,1,0,69,2,0,0,0,0,0,2224,0
"Flame Crest, Burning Steppes",-7504.029785,-2187.540039,165.5299988,0.015,0,0,0,70,0,0,70,2,0,0,0,0,0,2224,0
"Morgan's Vigil, Burning Steppes",-8364.610352,-2738.350098,185.4600067,0,0,0,0,71,0,0,71,1,0,0,0,0,0,0,541
"Cenarion Hold, Silithus",-6811.390137,836.7399902,49.81000137,0,0,0,0,72,1,0,72,2,0,0,0,0,0,2224,0
"Cenarion Hold, Silithus",-6761.830078,772.0300293,88.91000366,0,-0.005,0,0,73,1,0,73,1,0,0,0,0,0,0,3837
"Thorium Point, Searing Gorge",-6552.589844,-1168.27002,309.3099976,-0.004,0.027000001,0,0,74,0,0,74,1,0,0,0,0,0,0,541
"Thorium Point, Searing Gorge",-6554.930176,-1100.050049,309.5700073,0.027000001,0.027000001,0,0,75,0,0,75,2,0,0,0,0,0,2224,0
"Revantusk Village, The Hinterlands",-635.2600098,-4720.5,5.380000114,-0.007,0.007,0,0,76,0,0,76,2,0,0,0,0,0,2224,0
"Vendetta Point, Southern Barrens",-2152.350098,-1724.339966,92.52799988,0.02,0,0,0,77,1,0,227,2,0,0,0,0,0,2224,0
Naxxramas,3133.310059,-3399.929932,139.5299988,0,0,0,0,78,0,0,0,0,0,0,0,0,0,0,0
"Marshal's Stand, Un'Goro Crater",-7548.049805,-1541.130005,-271.0499878,-0.003,0.01,0,0,79,1,0,79,3,0,0,0,0,0,2224,541
"Ratchet, Northern Barrens",-894.5900269,-3773.01001,11.47999954,-0.00598802,-0.0145349,0,0,80,1,0,80,3,0,0,0,0,0,2224,541
Filming,0,0,0,0,0,0,0,81,530,0,0,0,0,0,0,0,0,0,0
Silvermoon City,9375.240234,-7165.890137,9.029999733,0,0,0,0,82,530,0,82,6,0,0,0,0,0,19917,0
"Tranquillien, Ghostlands",7594.470215,-6784.290039,86.45999908,0.006,0,0,0,83,530,0,83,2,0,0,0,0,0,19917,0
"Plaguewood Tower, Eastern Plaguelands",2965.550049,-3033.610107,126.9290009,0,-0.015,0,0,84,0,0,154,3,0,0,0,0,0,44248,44248
"Northpass Tower, Eastern Plaguelands",3134.26001,-4354.779785,133.4629974,0,0,0,0,85,0,0,153,3,0,0,0,0,0,44248,44248
"Eastwall Tower, Eastern Plaguelands",2524.439941,-4769.560059,104.086998,0.014,0.01,0,0,86,0,0,147,3,0,0,0,0,0,44248,44248
"Crown Guard Tower, Eastern Plaguelands",1876.400024,-3693.320068,157.6869965,0.017000001,-0.012,0,0,87,0,0,152,3,0,0,0,0,0,44248,44248
"Transport, Exodar",-4284.009766,-11194.74023,13.01000023,0,0,0,0,88,530,0,0,0,0,0,0,0,0,0,0
"Transport, Theramore",0,0,0,0,0,0,0,89,0,0,0,0,0,0,0,0,0,0,0
"Transport, Undercity",0,0,0,0,0,0,0,90,9770568,0,0,0,0,0,0,0,0,0,0
Quest - Azuremyst Shaman Target,-3996.01001,-11892.96973,0.219999999,0,0,0,0,91,530,0,0,0,0,0,0,0,0,0,0
Quest - Azuremyst Shaman Start,-3679.310059,-11413.04004,310.5700073,0,0,0,0,92,530,0,0,0,0,0,0,0,0,0,0
"Blood Watch, Bloodmyst Isle",-1933.27002,-11954.59961,57.18999863,0,0,0,0,93,530,0,93,1,0,0,0,0,0,0,3837
The Exodar,-3867.560059,-11641.09961,-137.6640015,0,0,0,0,94,530,0,94,1,0,0,0,0,0,0,3837
Zangarmarsh - Quest - As the Crow Flies,-146.2899933,5532.560059,30.88999939,0,0,0,0,95,530,0,0,0,0,0,0,0,0,17972,0
Zangarmarsh - Quest - As the Crow Flies - End,-145.2299957,5533.029785,30.95000076,0,0,0,0,96,530,0,0,0,0,0,0,0,0,0,0
Quest - Elekk Path to Kessel,-3968.370117,-11929.15039,-1.220000029,0,0,0,0,97,530,0,0,0,0,0,0,0,0,0,18167
Quest - Elekk to Kessel Target,-2662.300049,-12144.59961,16.90999985,0,0,0,0,98,530,0,0,0,0,0,0,0,0,0,0
"Thrallmar, Hellfire Peninsula",228.5,2633.570068,87.66999817,0.013,-0.009,0,0,99,530,0,99,2,0,0,0,0,0,2224,0
"Honor Hold, Hellfire Peninsula",-673.4199829,2717.27002,94.18000031,0.012,0.01,0,0,100,530,0,100,1,0,0,0,0,0,0,541
"Temple of Telhamat, Hellfire Peninsula",199.1600037,4241.560059,121.75,0,-0.02,0,0,101,530,0,101,1,0,0,0,0,0,0,3837
"Falcon Watch, Hellfire Peninsula",-587.4099731,4101.009766,91.37000275,0.002,-0.01,0,0,102,530,0,102,2,0,0,0,0,0,2224,0
Nagrand - PvP - Attack Run Start 1 ,-1810.160034,8032.109863,-25.95000076,0,0,0,0,103,530,0,0,0,0,0,0,0,0,18345,18345
Nagrand - PvP - Attack Run End 1,-1824.180054,8049.290039,-26.85000038,0,0,0,0,104,530,0,0,0,0,0,0,0,0,13161,13161
Nagrand - PvP - Attack Run Start 2,-1513.400024,8140.930176,-19.60000038,0,0,0,0,105,530,0,0,0,0,0,0,0,0,18345,18345
Nagrand - PvP - Attack Run End 2,-1511.26001,8149.709961,-18.57999992,0,0,0,0,106,530,0,0,0,0,0,0,0,0,0,541
Nagrand - PvP - Attack Run Start 3,-1387.069946,7782.410156,-11.47000027,0,0,0,0,107,530,0,0,0,0,0,0,0,0,18345,18345
Nagrand - PvP - Attack Run End 3,-1376.719971,7771.169922,-10.07999992,0,0,0,0,108,530,0,0,0,0,0,0,0,0,0,541
Nagrand - PvP - Attack Run Start 4,-1656.599976,7724.910156,-15.59000015,0,0,0,0,109,530,0,0,0,0,0,0,0,0,18345,18345
Nagrand - PvP - Attack Run End 4,-1658.900024,7724.709961,-15.78999996,0,0,0,0,110,530,0,0,0,0,0,0,0,0,0,541
Eversong - Duskwither Teleport,9335.830078,-7883.069824,74.91000366,0,0,0,0,111,530,0,0,0,0,0,0,0,0,18392,18392
Eversong - Duskwither Teleport End,9335.669922,-7809.709961,136.5700073,0,0,0,0,112,530,0,0,0,0,0,0,0,0,17972,17972
Quest - Nethrandamus Start,-1544.359985,8792.070313,35.22000122,0,0,0,0,113,530,0,0,0,0,0,0,0,0,18543,18543
Quest - Nethrandamus End Target,-1544.359985,8792.089844,35.22000122,0,0,0,0,114,530,0,0,0,0,0,0,0,0,0,0
Quest - Caverns of Time OH - Begin,2384.72998,1169.380005,66.86000061,0,0,0,0,115,560,0,0,0,0,0,0,0,0,18768,18768
Quest - Caverns of Time OH - End,2014.650024,239.6499939,68.51999664,0,0,0,0,116,560,0,0,0,0,0,0,0,0,0,0
"Telredor, Zangarmarsh",213.75,6063.75,148.3099976,0,0,0,0,117,530,0,117,1,0,0,0,0,0,0,3837
"Zabra'jin, Zangarmarsh",219.4499969,7816,22.71999931,0,0,0,0,118,530,0,118,2,0,0,0,0,0,2224,0
"Telaar, Nagrand",-2729,7305.299805,88.63999939,0.002,0.024,0,0,119,530,0,119,1,0,0,0,0,0,0,3837
"Garadar, Nagrand",-1261.089966,7133.390137,57.34000015,0.01,-0.007,0,0,120,530,0,120,2,0,0,0,0,0,2224,0
"Allerian Stronghold, Terokkar Forest",-2987.23999,3872.780029,9.130000114,0,0,0,0,121,530,0,121,1,0,0,0,0,0,0,541
"Area 52, Netherstorm",3082.310059,3596.110107,144.0200043,-0.027000001,-0.023,0,0,122,530,0,122,3,0,0,0,0,0,2224,541
"Shadowmoon Village, Shadowmoon Valley",-3018.620117,2557.090088,79.08999634,0.01,0,0,0,123,530,0,123,2,0,0,0,0,0,2224,0
"Wildhammer Stronghold, Shadowmoon Valley",-3982.070068,2156.469971,105.1500015,0,0,0,0,124,530,0,124,1,0,0,0,0,0,0,541
"Sylvanaar, Blade's Edge Mountains",2183.649902,6794.459961,183.2799988,0,0,0,0,125,530,0,125,1,0,0,0,0,0,0,3837
"Thunderlord Stronghold, Blade's Edge Mountains",2446.370117,6020.930176,154.3399963,0,0.004,0,0,126,530,0,126,2,0,0,0,0,0,2224,0
"Stonebreaker Hold, Terokkar Forest",-2567.330078,4423.830078,39.33000183,0,0,0,0,127,530,0,127,2,0,0,0,0,0,2224,0
"Shattrath, Terokkar Forest",-1837.22998,5301.899902,-12.43000031,0,0,0,0,128,530,0,128,3,0,0,0,0,0,2224,541
"Hellfire Peninsula, The Dark Portal",-327.3500061,1020.48999,54.25,0.002,0.029999999,0,0,129,530,0,129,1,0,0,0,0,0,0,541
"Hellfire Peninsula, The Dark Portal",-178.0899963,1026.719971,54.18999863,0.004,-0.008,0,0,130,530,0,130,2,0,0,0,0,0,2224,0
Quest - Horde Hellfire Start,-25.51000023,2133.449951,112.5999985,0,0,0,0,131,530,0,0,0,0,0,0,0,0,19275,18376
Quest - Horde Hellfire End,-25.60000038,2133.399902,112.5800018,0,0,0,0,132,530,0,0,0,0,0,0,0,0,19275,0
Quest - Hellfire Peninsula (Alliance Path) Start,-673.7299805,1855.290039,68.97000122,0,0,0,0,133,530,0,0,0,0,0,0,0,0,19324,19324
Quest - Hellfire Peninsula (Alliance) End,-673.75,1855.319946,68.95999908,0,0,0,0,134,530,0,0,0,0,0,0,0,0,19324,19324
"Quest - Hellfire, Aerial Mission (Horde) Start",-27.64999962,2126.570068,111.8499985,0,0,0,0,135,530,0,0,0,0,0,0,0,0,19275,19324
"Quest - Hellfire, Aerial Mission (Horde) End",-27.52000046,2126.5,111.8799973,0,0,0,0,136,530,0,0,0,0,0,0,0,0,19275,19324
"Quest - Hellfire, Aerial Mission (Alliance) Start",298.5,1501.26001,-14.27999973,0,0,0,0,137,530,0,0,0,0,0,0,0,0,19275,19324
"Quest - Hellfire, Aerial Mission (Alliance) End",298.5899963,1501.130005,-14.25,0,0,0,0,138,530,0,0,0,0,0,0,0,0,19275,19324
"The Stormspire, Netherstorm",4157.580078,2959.689941,352.0799866,-0.005,-0.017999999,0,0,139,530,0,139,3,0,0,0,0,0,2224,541
"Altar of Sha'tar, Shadowmoon Valley",-3065.600098,749.4199829,-10.10000038,0,0,0,0,140,530,6211,140,3,0,0,0,0,0,2224,541
"Spinebreaker Ridge, Hellfire Peninsula",-1316.839966,2358.620117,88.95999908,0,0,0,0,141,530,0,141,2,0,0,0,0,0,2224,0
Hellfire Peninsula - Reaver's Fall,-29.15999985,2125.719971,111.4700012,0.007,0,0,0,142,530,0,0,0,0,0,0,0,0,2224,0
Quest - Caverns of Time (Intro Flight Path) (End),-8360.730469,-4327.72998,-208.3300018,0,0,0,0,143,1,0,0,0,0,0,0,0,0,16081,16081
Quest - Caverns of Time (Intro Flight Path) (Start),-8162.009766,-4796.22998,35.77999878,0,0,0,0,144,1,0,0,0,0,0,0,0,0,18768,18768
Quest - Netherstorm - Stealth Flight - Begin,3079.01001,3599.080078,144.0700073,0,0,0,0,145,530,0,0,0,0,0,0,0,0,2224,0
Quest - Netherstorm - Stealth Flight - End,2235.340088,2793.77002,128.0299988,0,0,0,0,146,530,0,0,0,0,0,0,0,0,0,0
Hellfire Peninsula - Force Camp Beach Head,509.1700134,1988.689941,109.6200027,0,0,0,0,147,530,0,0,0,0,0,0,0,0,0,19324
"Shatter Point, Hellfire Peninsula (Beach Assault)",298.4599915,1501.180054,-14.27999973,0,0,0,0,148,530,0,0,0,0,0,0,0,0,0,19324
"Shatter Point, Hellfire Peninsula",276.2000122,1486.910034,-15.10000038,0,0,0,0,149,530,0,149,0,0,0,0,0,0,0,541
"Cosmowrench, Netherstorm",2974.949951,1848.23999,141.2799988,0,0.01,0,0,150,530,0,150,3,0,0,0,0,0,2224,541
"Swamprat Post, Zangarmarsh",91.66999817,5214.919922,23.10000038,0.017000001,0.016000001,0,0,151,530,0,151,2,0,0,0,0,0,2224,0
Quest - Netherstorm - Manaforge Ultris (Start),4262.390137,2136.919922,139.4400024,0,0,0,0,152,530,0,0,0,0,0,0,0,0,20903,20903
Quest - Netherstorm - Manaforge Ultris (End),4266.700195,2133.379883,138.8200073,0,0,0,0,153,530,0,0,0,0,0,0,0,0,20903,20903
Quest - Netherstorm - Manaforge Ultris (Second Pass) Start,20047.88086,5200.689941,19742.7793,0,0,0,0,154,530,0,0,0,0,0,0,0,0,20903,20903
Quest - Netherstorm - Manaforge Ultris (Second Pass) End,4267.140137,2133.030029,138.7700043,0,0,0,0,155,530,0,0,0,0,0,0,0,0,0,0
"Toshley's Station, Blade's Edge Mountains",1857.349976,5531.870117,277.0100098,0,0,0,0,156,530,0,156,1,0,0,0,0,0,0,541
Quest - Blade's Edge - Vision Guide - Start,2277.73999,5983.350098,142.6000061,0,0,0,0,157,530,0,0,0,0,0,0,0,0,21396,0
Quest - Blade's Edge - Vision Guide - End,2278.560059,5983.709961,142.5700073,0,0,0,0,158,530,0,0,0,0,0,0,0,0,0,0
"Sanctum of the Stars, Shadowmoon Valley",-4073.169922,1123.609985,42.47000122,0.014,0,0,0,159,530,6212,159,3,0,0,0,0,0,2224,541
"Evergrove, Blade's Edge Mountains",2976.01001,5501.129883,143.6699982,0,0,0,0,160,530,0,160,3,0,0,0,0,0,2224,541
Quest - Nether Dragon Ally - Start,0,0,0,0,0,0,0,161,654135852,0,0,0,0,0,0,0,0,22360,22360
Quest - Nether Dragon Ally - End,-4100.27002,950.3800049,22.11000061,0,0,0,0,162,530,0,0,0,0,0,0,0,0,0,0
"Mok'Nathal Village, Blade's Edge Mountains",2028.790039,4705.27002,150.5099945,0,0,0,0,163,530,0,163,2,0,0,0,0,0,2224,0
"Orebor Harborage, Zangarmarsh",966.6699829,7399.160156,29.13999939,0,0.01,0,0,164,530,0,164,1,0,0,0,0,0,0,3837
"Transport, Northrend 2",0,0,0,0,0,0,0,165,3,0,0,0,0,0,0,0,0,0,0
"Emerald Sanctuary, Felwood",3972.840088,-1324.51001,244.8029938,0,0,0,0,166,1,0,166,3,0,0,0,0,0,2224,3837
"Forest Song, Ashenvale",3000.25,-3202.409912,189.7700043,0,-0.014,0,0,167,1,0,167,1,0,0,0,0,0,0,3837
Filming,-9441.179688,65.05000305,56.18000031,0,0,0,0,168,0,0,0,0,0,0,0,0,0,0,3837
Quest - Netherwing Ledge - Mine Cart Ride - South - Start,-5224.529785,631.8499756,48.36000061,0,0,0,0,169,530,0,0,0,0,0,0,0,0,23372,23372
Quest - Netherwing Ledge - Mine Cart Ride - South - End,-5185.709961,172.9499969,-11.56999969,0,0,0,0,170,530,0,0,0,0,0,0,0,0,23289,23289
Skettis,-3364.679932,3650.179932,284.7799988,0,0,0,0,171,530,0,0,0,0,0,0,0,0,23422,23422
Ogri'La,2531.100098,7322.089844,373.6400146,0,0,0,0,172,530,0,0,0,0,0,0,0,0,23422,23422
Quest - Yarzill Flight Start,-5141.359863,620.1099854,82.69999695,0,0,0,0,173,530,0,0,0,0,0,0,0,0,23468,23468
Quest - Yarzill Flight Start End,-1636.089966,5275.870117,-41.09999847,0,0,0,0,174,530,0,0,0,0,0,0,0,0,0,0
"Transport, Howling Fjord",784.8900146,-5066.180176,-7.880000114,0,0,0,0,175,571,0,0,0,0,0,0,0,0,0,0
Quest - Howling Fjord Tauren Canoe (Start),245.3600006,-3309.199951,0.910000026,0,0,0,0,176,571,0,0,0,0,0,0,0,0,23518,23518
Quest - Howling Fjord Tauren Canoe (End),-147.4700012,-3587.360107,0.340000004,0,0,0,0,177,571,0,0,0,0,0,0,0,0,23518,23518
"Transport, Borean Tundra",0,0,0,0,0,0,0,178,3,0,0,0,0,0,0,0,0,0,0
"Mudsprocket, Dustwallow Marsh",-4566.22998,-3226.050049,34.70000076,-0.007,-0.02,0,0,179,1,0,179,3,0,0,0,0,0,2224,541
Quest - Dustwallow - Alcaz Survey Start,-3822.659912,-4511.330078,10.84000015,0,0,0,0,180,1,0,0,0,0,0,0,0,0,0,541
Quest - Dustwallow - Alcaz Survey End,-3822.709961,-4509.649902,10.97999954,0,0,0,0,181,1,0,0,0,0,0,0,0,0,0,541
Quest - Howling Fjord - Break the Blockade Zeppelin,1415.890015,-3082.48999,121.9100037,0,0,0,0,182,571,0,0,0,0,0,0,0,0,0,0
"Valgarde Port, Howling Fjord",567.4099731,-5010.970215,11.5,0,0,0,0,183,571,0,183,1,0,0,0,0,0,0,541
"Fort Wildervar, Howling Fjord",2468.77002,-5029.819824,283.4899902,0.01,-0.01,0,0,184,571,0,184,1,0,0,0,0,0,0,541
"Westguard Keep, Howling Fjord",1342.839966,-3287.899902,174.4499969,0.01,-0.005,0,0,185,571,0,185,1,0,0,0,0,0,0,541
Quest - Howling Fjord - Flight to the Windrunner - Start,1911.819946,-6179.069824,24.61000061,0,0,0,0,186,571,0,0,0,0,0,0,0,0,3574,0
Quest - Howling Fjord - Flight to the Windrunner - End,1652.829956,-6512.109863,18.47999954,0,0,0,0,187,571,0,0,0,0,0,0,0,0,3574,0
Quest - Howling Fjord - Test at Sea - Start,1912.780029,-6178.810059,24.63999939,0,0,0,0,188,571,0,0,0,0,0,0,0,0,3574,0
Quest - Howling Fjord - Test at Sea - End,1913.900024,-6177.870117,24.62000084,0,0,0,0,189,571,0,0,0,0,0,0,0,0,0,0
"New Agamand, Howling Fjord",401.1199951,-4544.299805,244.5399933,-0.01,-0.025,0,0,190,571,0,190,2,0,0,0,0,0,3574,0
"Vengeance Landing, Howling Fjord",1918.599976,-6175.890137,24.40999985,0,-0.035,0,0,191,571,0,191,2,0,0,0,0,0,3574,0
"Camp Winterhoof, Howling Fjord",2652.889893,-4392.709961,283.3200073,0.009,0.01,0,0,192,571,0,192,2,0,0,0,0,0,2224,0
Quest - Howling Fjord - Mission: Plague This! - End,1341.439941,-3288.570068,174.4499969,0,0,0,0,193,571,0,0,0,0,0,0,0,0,0,541
Quest - Howling Fjord - Mission: Plague This! - Start,1341.079956,-3288.370117,174.4499969,0,0,0,0,194,571,0,0,0,0,0,0,0,0,0,541
"Rebel Camp, Stranglethorn Vale",-11344,-216.8300018,75.22000122,0.005,0,0,0,195,0,0,195,5,0,0,0,0,0,0,541
Test - SP,9283.099609,-9749.80957,62.15999985,0,0,0,0,196,451,0,196,0,0,0,0,0,0,12374,541
Test SP2,-9148.620117,243.0399933,87.38999939,0,0,0,0,197,0,0,0,0,0,0,0,0,0,0,0
Test SP1,9405.830078,-9882.69043,0,0,0,0,0,198,451,0,0,0,0,0,0,0,0,24489,541
Quest - Howling Fjord - McGoyver Start,638.3400269,-5074.569824,-0.230000004,0,0,0,0,199,571,0,0,0,0,0,0,0,0,24716,24716
Quest - Howling Fjord - McGoyver End,483.9200134,-5913.100098,308.6099854,0,0,0,0,200,571,0,0,0,0,0,0,0,0,24716,24716
Development Land - Kyle Radue Start,15992.44043,-16371.94043,76.73000336,0,0,0,0,201,451,0,0,0,0,0,0,0,0,23468,23468
Development Land - Kyle Radue End,15991.67969,-16371.9502,76.69999695,0,0,0,0,202,451,0,0,0,0,0,0,0,0,0,0
Quest - Stars' Rest -> Wintergarde,3505.300049,1990.829956,65.09999847,0,0,0,0,203,571,0,0,0,0,0,0,0,0,0,27127
Quest - New Agamand -> Venomspite,0,0,0,0,0,0,0,204,12,0,0,0,0,0,0,0,0,27179,0
"Zul'Aman, Ghostlands",6789.790039,-7747.580078,126.5100021,-0.01,0,0,0,205,530,0,205,3,0,0,0,0,0,3574,541
"Transport, Feathermoon (NE Ship)",-4348.009766,2427.290039,6.639999866,0,0,0,0,206,1,0,0,0,0,0,0,0,0,0,0
Quest - Howling Fjord - Sister Mercy (Start),15.31999969,-4043.790039,0.100000001,0,0,0,0,207,571,0,0,0,0,0,0,0,0,0,0
Quest - Howling Fjord - Sister Mercy (End),15.31999969,-4043.709961,0.100000001,0,0,0,0,208,571,0,0,0,0,0,0,0,0,0,0
Quest - Sunwell Daily - Dead Scar Bombing - Start,13008.37988,-6911.810059,9.579999924,0,0,0,0,209,530,0,0,0,0,0,0,0,0,25044,0
Quest - Sunwell Daily - Dead Scar Bombing - End,13008.50977,-6912.200195,9.579999924,0,0,0,0,210,530,0,0,0,0,0,0,0,0,25044,0
Quest - Sunwell Daily - Ship Bombing - Start,13007.5,-6911.810059,9.579999924,0,0,0,0,211,530,0,0,0,0,0,0,0,0,25044,0
Quest - Sunwell Daily - Ship Bombing - End,13188.04004,-7047.040039,4.789999962,0,0,0,0,212,530,0,0,0,0,0,0,0,0,25044,0
Shattered Sun Staging Area,13012.7002,-6908.370117,9.579999924,-0.006,-0.003,0,0,213,530,96423,213,11,0,0,0,0,0,19917,19917
Quest - Howling Fjord - Naglfar (Start),0,0,0,0,0,0,0,214,0,0,0,0,0,0,0,0,0,0,0
Quest - Howling Fjord - Naglfar (Nodes),0,0,0,0,0,0,0,215,0,0,0,0,0,0,0,0,0,0,0
"Transport, Howling Fjord (Gondola, Top)",690.9899902,-3819.600098,249.0599976,0,0,0,0,218,571,0,0,0,0,0,0,0,0,0,0
"Transport, Howling Fjord (Gondola, Bottom)",607.960022,-2906.169922,38.54000092,0,0,0,0,219,571,0,0,0,0,0,0,0,0,0,0
"Amber Ledge, Borean (To Beryl)",3465.659912,5901.759766,144.1699982,0,0,0,0,221,571,0,0,0,0,0,0,0,0,26088,0
"Beryl Point, Borean",3213.73999,6084.720215,138,0,0,0,0,222,571,0,0,0,0,0,0,0,0,25695,0
Quest - Naglevar,0,0,0,0,0,0,0,223,0,0,0,0,0,0,0,0,0,0,0
"Borean Tundra, Naglevar",0,0,0,0,0,0,0,224,0,0,0,0,0,0,0,0,0,0,0
"Amber Ledge, Borean (to Coldarra)",3574.060059,5971.040039,136.1100006,0,0,0,0,225,571,0,0,0,0,0,0,0,0,25695,0
"Transitus Shield, Coldarra",3575.439941,6661.640137,195.1900024,-0.006,0,0,0,226,571,0,226,3,0,0,0,0,0,26899,26899
"Transport, PattyMacDevTest",16625.63086,16862.90039,46.97999954,0,0,0,0,227,451,0,0,0,0,0,0,0,0,28901,25968
Development Land - Pat Test Start,0,0,0,0,0,0,0,228,0,0,0,0,0,0,0,0,0,0,0
Development Land - Pat Test End,0,0,0,0,0,0,0,229,0,0,0,0,0,0,0,0,0,0,0
"Transport, Tuskarr 01",2690.26001,889.8099976,4.610000134,0,0,0,0,230,571,0,0,0,0,0,0,0,0,0,0
"Transport, Tuskarr 02",2690.330078,897.6300049,4.619999886,0,0,0,0,231,571,0,0,0,0,0,0,0,0,0,0
Borean Tundra - Warsong Hold Wolf Start,2774.689941,6258.140137,83.68000031,0,0,0,0,232,571,0,0,0,0,0,0,0,0,26128,0
Borean Tundra - Warsong Hold Wolf End,3443.52002,4103.950195,16.01000023,0,0,0,0,233,571,0,0,0,0,0,0,0,0,0,0
"Coldarra Ledge, Coldarra",4130.620117,7372.310059,534.1099854,0,0,0,0,234,571,0,0,0,0,0,0,0,0,26263,0
"Transitus Shield, Coldarra (NOT USED)",3575.560059,6651.839844,195.2100067,0,0,0,0,235,571,0,0,0,0,0,0,0,0,25695,0
"Coldarra, Keristrasza to Malygos",4026.949951,7085.540039,165.5399933,0,0,0,0,236,571,0,0,0,0,0,0,0,0,26263,0
"Coldarra, Keristrasza Landing",3929.399902,6590.740234,170.3399963,0,0,0,0,237,571,0,0,0,0,0,0,0,0,0,0
Borean Tundra - Quest - Dusk Start,3109,3819.540039,23.23999977,0,0,0,0,239,571,0,0,0,0,0,0,0,0,26404,0
Borean Tundra - Quest - Dusk - End,3614.300049,3670.120117,35.77999878,0,0,0,0,240,571,0,0,0,0,0,0,0,0,11195,0
"Transport, Valiance Keep",0,0,0,0,0,0,0,241,0,0,0,0,0,0,0,0,0,0,0
Quest - Dragonblight - Spiritual Vision - Begin,2739.72998,882.3699951,6.639999866,0,0,0,0,242,571,0,0,0,0,0,0,0,0,21396,0
Quest - Dragonblight - Spiritual Vision - End,2738.469971,882.460022,6.5,0,0,0,0,243,571,0,0,0,0,0,0,0,0,0,0
"Wintergarde Keep, Dragonblight",3712.429932,-694.8599854,215.5700073,0,0,0,0,244,571,0,244,1,0,0,0,0,0,0,541
"Valiance Keep, Borean Tundra",2269.540039,5173.689941,11.10000038,0.017000001,0.014,0,0,245,571,0,245,1,0,0,0,0,0,0,541
"Fizzcrank Airstrip, Borean Tundra",4127.22998,5313.069824,28.67000008,0,-0.007,0,0,246,571,0,246,1,0,0,0,0,0,0,28360
"Stars' Rest, Dragonblight",3504.129883,1992.030029,64.95999908,0.009,0.004,0,0,247,571,0,247,1,0,0,0,0,0,0,3837
"Apothecary Camp, Howling Fjord",2108.110107,-2970.620117,148.5800018,0,0,0,0,248,571,0,248,2,0,0,0,0,0,3574,0
"Camp Oneqwah, Grizzly Hills",3876.340088,-4520.080078,217.3200073,0.017000001,0,0,0,249,571,0,249,2,0,0,0,0,0,2224,0
"Conquest Hold, Grizzly Hills",3258.899902,-2263.090088,114.3700027,0.017999999,-0.007,0,0,250,571,0,250,2,0,0,0,0,0,2224,0
"Fordragon Hold, Dragonblight",4612.209961,1406.599976,195.0599976,-0.01,0,0,0,251,571,0,251,1,0,0,0,0,0,0,541
"Wyrmrest Temple, Dragonblight",3653.209961,247.5800018,52.25999832,-0.034000002,0.015,0,0,252,571,0,252,3,0,0,0,0,0,26899,26899
"Amberpine Lodge, Grizzly Hills",3446.350098,-2754.100098,199.3999939,0,-0.02,0,0,253,571,0,253,1,0,0,0,0,0,0,541
"Venomspite, Dragonblight",3242.959961,-666.1599731,166.7899933,-0.01,0,0,0,254,571,0,254,2,0,0,0,0,0,3574,0
"Westfall Brigade, Grizzly Hills",4584.97998,-4254.689941,182.2100067,-0.003,0,0,0,255,571,0,255,1,0,0,0,0,0,0,541
"Agmar's Hammer, Dragonblight",3865.870117,1525.630005,90.04000092,0.01,-0.01,0,0,256,571,0,256,2,0,0,0,0,0,2224,0
"Warsong Hold, Borean Tundra",2920.290039,6242.850098,208.8000031,-0.007,0,0,0,257,571,0,257,2,0,0,0,0,0,2224,0
"Taunka'le Village, Borean Tundra",3449.51001,4089.52002,16.63999939,0,-0.02,0,0,258,571,0,258,2,0,0,0,0,0,2224,0
"Bor'gorok Outpost, Borean Tundra",4474.790039,5712.129883,81.27999878,0.007,-0.02,0,0,259,571,0,259,2,0,0,0,0,0,2224,0
"Kor'kron Vanguard, Dragonblight",4946.669922,1165.939941,239.5700073,0,-0.007,0,0,260,571,0,260,2,0,0,0,0,0,2224,0
Quest - Stars' Rest to Wintergarde End,3711.310059,-698.1799927,215.5700073,0,0,0,0,261,571,0,0,0,0,0,0,0,0,0,27127
"Grizzly Hills, Alliance Log Ride Start 01",4267.390137,-3050.929932,318.1600037,0,0,0,0,262,571,0,0,0,0,0,0,0,0,29878,0
"Grizzly Hills, Alliance Log Ride End 01",2663.669922,-2181.449951,3.430000067,0,0,0,0,263,571,0,0,0,0,0,0,0,0,0,0
"Transport, Auberdine (NEW)",0,0,0,0,0,0,0,264,0,0,0,0,0,0,0,0,0,0,0
"Transport, Theramore (NEW)",0,0,0,0,0,0,0,265,0,0,0,0,0,0,0,0,0,0,0
"Transport, Menethil (NEW)",0,0,0,0,0,0,0,266,0,0,0,0,0,0,0,0,0,0,0
"Grizzly Hills, Alliance Log Ride Start",4272.089844,-3248.26001,324.9299927,0,0,0,0,267,571,0,0,0,0,0,0,0,0,29878,0
"Grizzly Hills, Alliance Log Ride End",2664.219971,-2344.629883,21.70000076,0,0,0,0,268,571,0,0,0,0,0,0,0,0,0,0
Quest - Westguard Keep to Wintergarde Keep Begin,1341.670044,-3288.73999,174.4499969,0,0,0,0,269,571,0,0,0,0,0,0,0,0,0,27491
Quest - Westguard Keep to Wintergarde Keep End,3712.22998,-693.8499756,215.4199982,0,0,0,0,270,571,0,0,0,0,0,0,0,0,0,27491
"Grizzly Hills, Horde Log Ride Start",4311.25,-2956.610107,317.3099976,0,0,0,0,271,571,0,0,0,0,0,0,0,0,29879,0
"Grizzly Hills, Horde Log Ride End",2883.75,-1673.709961,6.480000019,0,0,0,0,272,571,0,0,0,0,0,0,0,0,0,0
"Wyrmrest Temple - bottom to top, Dragonblight - Begin",3547.219971,381.4899902,52.25999832,0,0,0,0,273,571,0,0,0,0,0,0,0,0,26899,26899
"Wyrmrest Temple - bottom to top, Dragonblight - End",3590.379883,277.5400085,340.8500061,0,0,0,0,274,571,0,0,0,0,0,0,0,0,0,0
"Wyrmrest Temple - top to bottom, Dragonblight - Begin",3587.649902,279.2099915,340.8299866,0,0,0,0,275,571,0,0,0,0,0,0,0,0,26899,26899
"Wyrmrest Temple - top to bottom, Dragonblight - End",3511.47998,373.9299927,52.25999832,0,0,0,0,276,571,0,0,0,0,0,0,0,0,0,0
"Wyrmrest Temple - top to middle, Dragonblight - Begin",3587.550049,279.1400146,340.8299866,0,0,0,0,277,571,0,0,0,0,0,0,0,0,26899,26899
"Wyrmrest Temple - top to middle, Dragonblight - End",3543.23999,307.0400085,116.7300034,0,0,0,0,278,571,0,0,0,0,0,0,0,0,0,0
"Wyrmrest Temple - middle to top, Dragonblight - End",3587.040039,277.1400146,340.8200073,0,0,0,0,279,571,0,0,0,0,0,0,0,0,0,0
"Wyrmrest Temple - middle to top, Dragonblight - Begin",3545.620117,273.6000061,116.8399963,0,0,0,0,280,571,0,0,0,0,0,0,0,0,26899,26899
"Wyrmrest Temple - middle to bottom, Dragonblight - End",3512.219971,373.5700073,52.25999832,0,0,0,0,281,571,0,0,0,0,0,0,0,0,0,0
"Wyrmrest Temple - middle to bottom, Dragonblight - Begin",3545.610107,273.6000061,116.8399963,0,0,0,0,282,571,0,0,0,0,0,0,0,0,26899,26899
"Wyrmrest Temple - bottom to middle, Dragonblight - End",3543.370117,307.0599976,116.7300034,0,0,0,0,283,571,0,0,0,0,0,0,0,0,0,0
"Wyrmrest Temple - bottom to middle, Dragonblight - Begin",3548.149902,381.0100098,52.25999832,0,0,0,0,284,571,0,0,0,0,0,0,0,0,26899,26899
Quest - Wintergarde -> Stars' Rest (Start),0,0,0,0,0,0,0,285,0,0,0,0,0,0,0,0,0,0,27764
Quest - Wintergarde -> Stars' Rest (End),3503.76001,1990.109985,65.12000275,0,0,0,0,286,571,0,0,0,0,0,0,0,0,0,0
Quest - Valgarde -> Westguard Keep Start,0,0,0,0,0,0,0,287,0,0,0,0,0,0,0,0,0,0,27491
Quest - Valgarde -> Westguard Keep End,1341.22998,-3288.909912,174.4600067,0,0,0,0,288,571,0,0,0,0,0,0,0,0,0,0
"Amber Ledge, Borean Tundra",3587.840088,5973.299805,136.2200012,0,0,0,0,289,571,0,289,3,0,0,0,0,0,26899,26899
"Argent Stand, Zul'Drak",5450.299805,-2606.27002,306.9100037,0,0,0,0,290,571,0,0,0,0,0,0,0,0,28172,0
"Ruined City Post 01, Zul'Drak",5028.689941,-3020.379883,292.4200134,0,0,0,0,291,571,0,0,0,0,0,0,0,0,0,0
Flavor - Stormwind Harbor  - Start,-8338.360352,1107.01001,57.25999832,0,0,0,0,292,0,0,0,0,0,0,0,0,0,0,541
Flavor - Stormwind Harbor - Stop,-8341.089844,1101.849976,57.25999832,0,0,0,0,293,0,0,0,0,0,0,0,0,0,0,0
"Moa'ki, Dragonblight",2792.449951,908.960022,22.32999992,-0.014,0.007,0,0,294,571,0,294,3,0,0,0,0,0,2224,541
"Kamagua, Howling Fjord",785.2700195,-2887.709961,5.889999866,0.005,-0.02,0,0,295,571,0,295,3,0,0,0,0,0,2224,541
"Unu'pe, Borean Tundra",2919.189941,4046.090088,1.850000024,-0.007,0.02,0,0,296,571,0,296,3,0,0,0,0,0,2224,541
Sholazar Basin - Quest - Reconnaisance - Start,5557.569824,5802.049805,-66.08999634,0,0,0,0,297,571,0,0,0,0,0,0,0,0,0,0
Sholazar Basin - Quest - Reconnaisance - End,5505.350098,4747.790039,-194.4299927,0,0,0,0,298,571,0,0,0,0,0,0,0,0,0,0
Transport: Menethil <-> Valgarde,0,0,0,0,0,0,0,299,0,0,0,0,0,0,0,0,0,0,0
"Transport, Stormwind",0,0,0,0,0,0,0,300,0,0,0,0,0,0,0,0,0,0,0
Quest - Borean Tundra - Check In With Bixie - Begin,4125.509766,5310.990234,28.68000031,0,0,0,0,301,571,0,0,0,0,0,0,0,0,0,28360
Quest - Borean Tundra - Check In With Bixie - End,4171.830078,4335.629883,36.22999954,0,0,0,0,302,571,0,0,0,0,0,0,0,0,0,0
"Valiance Landing Camp, Wintergrasp",5100.810059,2185.649902,365.6199951,0,0,0,0,303,571,0,303,1,0,0,0,0,0,0,541
"The Argent Stand, Zul'Drak",5521.629883,-2672.25,303.9500122,0.01,-0.039999999,0,0,304,571,0,304,3,0,0,0,0,0,2224,541
"Ebon Watch, Zul'Drak",5218.899902,-1302.219971,242.1600037,0.015,-0.01,0,0,305,571,0,305,7,0,0,0,0,0,32981,32981
"Light's Breach, Zul'Drak",5190.109863,-2206.459961,239.3999939,0.014,0,0,0,306,571,0,306,3,0,0,0,0,0,2224,541
"Zim'Torga, Zul'Drak",5777.399902,-3594.939941,386.6900024,0.012,-0.01,0,0,307,571,0,307,3,0,0,0,0,0,2224,541
"River's Heart, Sholazar Basin",5506.22998,4748.100098,-194.4299927,0,0,0,0,308,571,0,308,3,0,0,0,0,0,28625,28625
"Nesingwary Base Camp, Sholazar Basin",5596.100098,5824.370117,-67.73000336,0,0,0,0,309,571,7376,309,3,0,0,0,0,0,28625,28625
Dalaran,5813.890137,449.1300049,658.75,0,0,0,0,310,571,0,310,3,0,0,0,0,0,2224,541
"Camp Onequah, Grizzly Hills (Quest)",3877.909912,-4519.589844,217.2899933,0,0,0,0,311,571,0,0,0,0,0,0,0,0,2224,0
"Light's Breach, Zul'Drak (Quest)",5189.669922,-2206.850098,239.3999939,0,0,0,0,312,571,0,0,0,0,0,0,0,0,0,0
"Westfall Brigade, Grizzly Hills (Quest)",4584.009766,-4250.379883,182.1699982,0,0,0,0,313,571,0,0,0,0,0,0,0,0,0,541
"Zim'Torga, Zul'Drak (Quest)",5779.129883,-3596.419922,386.8500061,0,0,0,0,314,571,0,0,0,0,0,0,0,0,3574,0
Acherus: The Ebon Hold,2352.370117,-5666.910156,382.2399902,0.02,0.085000001,0,0,315,0,7305,315,3,0,0,0,0,0,32981,32981
Ebon Hold - Acherus -> Death's Breach Start,0,0,0,0,0,0,0,316,0,0,0,0,0,0,0,0,0,29488,29488
Ebon Hold - Acherus -> Death's Breach End,2431,-5730.209961,157.9400024,0,0,0,0,317,609,0,0,0,0,0,0,0,0,0,0
Ebon Hold - Death's Breach -> Acherus Start,0,0,0,0,0,0,0,318,0,0,0,0,0,0,0,0,0,29501,29501
Ebon Hold - Death's Breach -> Acherus End,2356.51001,-5664.180176,382.25,0,0,0,0,319,609,0,0,0,0,0,0,0,0,0,0
"K3, The Storm Peaks",6186.75,-1052.910034,410.2000122,0.014,0,0,0,320,571,0,320,3,0,0,0,0,0,2224,541
"Frosthold, The Storm Peaks",6667.040039,-258.7000122,961.9000244,-0.01,0,0,0,321,571,0,321,1,0,0,0,0,0,0,541
"Dun Niffelem, The Storm Peaks",7308.040039,-2607.600098,814.7999878,0,-0.007,0,0,322,571,0,322,3,0,0,0,0,0,32585,32585
"Grom'arsh Crash-Site, The Storm Peaks",7857.299805,-735.0200195,1177.150024,0.01,-0.01,0,0,323,571,0,323,2,0,0,0,0,0,2224,0
"Camp Tunka'lo, The Storm Peaks",7793.850098,-2810.090088,1217.030029,0.034000002,0.007,0,0,324,571,0,324,2,0,0,0,0,0,2224,0
"Death's Rise, Icecrown",7427.319824,4224.160156,314.1099854,0,0,0,0,325,571,0,325,3,0,0,0,0,0,32981,32981
"Ulduar, The Storm Peaks",8864.740234,-1324.329956,1032.819946,0.015,0.039999999,0,0,326,571,0,326,3,0,0,0,0,0,2224,541
"Bouldercrag's Refuge, The Storm Peaks",8472.459961,-335.9500122,906.4799805,0,0,0,0,327,571,0,327,3,0,0,0,0,0,2224,541
"Transport, Icecrown Airship (A)",7501.649902,1140.280029,682.2299805,0,0,0,0,328,571,0,0,0,0,0,0,0,0,0,0
"Transport, Icecrown Airship (H)",7561.810059,1724.589966,683.5599976,0,0,0,0,329,571,0,0,0,0,0,0,0,0,0,0
"Transport, Icecrown (Target)",7489.640137,1477.719971,328.6400146,0,0,0,0,330,571,0,0,0,0,0,0,0,0,0,0
"Gundrak, Zul'Drak",6897.649902,-4118.22998,467.3500061,0,0,0,0,331,571,0,331,7,0,0,0,0,0,2224,541
"Warsong Camp, Wintergrasp",5024.990234,3685.550049,362.9400024,0,0,0,0,332,571,0,332,2,0,0,0,0,0,2224,0
"The Shadow Vault, Icecrown",8408.089844,2702.659912,655.1099854,0,-0.027000001,0,0,333,571,0,333,3,0,0,0,0,0,32981,32981
"The Argent Vanguard, Icecrown",6164.490234,-61.31000137,388.1799927,0,0.017999999,0,0,334,571,0,334,3,0,0,0,0,0,2224,541
"Crusaders' Pinnacle, Icecrown",6402.060059,467.8599854,511.2900085,0,0,0,0,335,571,0,335,3,0,0,0,0,0,32586,32586
"Windrunner's Overlook, Crystalsong Forest",5035.649902,-519.960022,225.4100037,0.01,0,0,0,336,571,0,336,1,0,0,0,0,0,0,31315
"Sunreaver's Command, Crystalsong Forest",5590.490234,-693.2299805,206.6300049,-0.005,0.02,0,0,337,571,0,337,2,0,0,0,0,0,34709,0
"Blackfathom Camp, Ashenvale",3880.51001,654.1599731,10.46000004,0,0,0,0,338,1,0,338,1,0,0,0,0,0,0,3837
"Grove of the Ancients, Darkshore",4970.5,147.6499939,51.63999939,-0.005,0,0,0,339,1,0,339,1,0,0,0,0,0,0,3837
"Argent Tournament Grounds, Icecrown",8475.790039,891.2000122,547.289978,0,0,0,0,340,571,0,340,3,0,0,0,0,0,34709,31315
Ulduar Raid - Interior - Insertion Point,-749.2000122,-99.98999786,429.6799927,0,0,0,0,341,603,0,0,0,0,0,0,0,0,25968,25968
Ulduar Raid - Iron Concourse,119.9599991,-71.62000275,409.7999878,0,0,0,0,342,603,0,0,0,0,0,0,0,0,25968,25968
"Splintertree, Ashenvale",2309.22998,-2523.209961,103.0599976,0,0,0,0,343,1,0,0,0,0,0,0,0,0,20413,0
Quest - Splintertree  Post -> Zoramgar,2308.320068,-2521.550049,103.1600037,0,0,0,0,344,1,0,0,0,0,0,0,0,0,2224,0
"Quest - Zoramgar, Ashenvale",3350.830078,1054.23999,3.00999999,0,0,0,0,345,1,0,0,0,0,0,0,0,0,20413,0
"Ashenvale 4.x, Azshara to Mor'shan Ramparts",2873.530029,-3740.51001,90.59999847,0,0,0,0,346,1,0,0,0,0,0,0,0,0,2224,0
"Ashenvale 4.x, Mor'shan Landing",1225.780029,-2250.899902,91.76000214,0,0,0,0,347,1,0,0,0,0,0,0,0,0,0,0
Transport: Thunder Bluff <-> Org (Zep),0,0,0,0,0,0,0,348,0,0,0,0,0,0,0,0,0,0,0
"Andruk, Zoram'gar",3350.209961,1054.119995,3.029999971,0,0,0,0,349,1,0,0,0,0,0,0,0,0,2224,0
"Hellscream's Watch, Ashenvale",3049.080078,-498.9500122,205.6399994,-0.007,0,0,0,350,1,0,350,2,0,0,0,0,0,2224,0
"Stardust Spire, Ashenvale",1905.109985,-321.9899902,118.25,0.01,0.01,0,0,351,1,0,351,1,0,0,0,0,0,0,3837
Isle of Conquest - Gunships,0,0,0,0,0,0,0,352,0,0,0,0,0,0,0,0,0,0,0
"The Mor'Shan Ramparts, Ashenvale",1206.050049,-2209.149902,92.14060211,0,0,0,0,354,1,0,354,2,0,0,0,0,0,2224,0
"Silverwind Refuge, Ashenvale",2159.620117,-1144.050049,97.87000275,0,-0.01,0,0,356,1,0,356,2,0,0,0,0,0,2224,0
Quest - Icecrown - North Sea Kraken Bombing - Start,8498.320313,1066.319946,552.1900024,0,0,0,0,358,571,0,0,0,0,0,0,0,0,35146,35146
Quest - Icecrown - North Sea Kraken Bombing - End,8501.530273,1064.02002,552.1900024,0,0,0,0,359,571,0,0,0,0,0,0,0,0,33857,33857
"Cliffwalker Post, Stonetalon Mountains",2188,1241.890015,465.7630005,0.01,-0.015,0,0,360,1,0,360,2,0,0,0,0,0,42886,0
"Windshear Hold, Stonetalon Mountains",1268.51001,432.8699951,95.55999756,0,0,0,0,361,1,0,361,1,0,0,0,0,0,0,3837
"Krom'gar Fortress, Stonetalon Mountains",932.1199951,-21.25,92.80999756,0.015,0,0,0,362,1,0,362,2,0,0,0,0,0,2224,0
"Malaka'jin, Stonetalon Mountains",-111.9400024,-260.4100037,23.87999916,0,0,0,0,363,1,0,363,2,0,0,0,0,0,2224,0
"Northwatch Expedition Base Camp, Stonetalon Mountains",237.8800049,-281.3500061,92.76000214,0,0,0,0,364,1,0,364,1,0,0,0,0,0,0,541
"Farwatcher's Glen, Stonetalon Mountains",973.9400024,2013.130005,126.5899963,0.015,0.008,0,0,365,1,0,365,1,0,0,0,0,0,0,3837
"Furien's Post, Desolace",-439.1499939,2242.620117,93.08999634,-0.007,0,0,0,366,1,0,366,2,0,0,0,0,0,19917,0
"Thargad's Camp, Desolace",-1694.530029,2577.570068,136.5899963,0.006,0,0,0,367,1,0,367,1,0,0,0,0,0,0,541
"Karnum's Glade, Desolace",-1038.430054,1637.98999,60.56000137,-0.007,-0.037,0,0,368,1,0,368,3,0,0,0,0,0,2224,3837
"Thunk's Abode, Desolace",-534.039978,1056.680054,89.91000366,0.005,0,0,0,369,1,0,369,3,0,0,0,0,0,36709,36709
"Ethel Rethor, Desolace",-356.4700012,2478.899902,75.94999695,0.008,-0.012,0,0,370,1,0,370,3,0,0,0,0,0,36706,36706
Vashj'ir - Alliance Start,0,0,0,0,0,0,0,371,0,0,0,0,0,0,0,0,0,0,0
Vashj'ir - Alliance End,0,0,0,0,0,0,0,372,0,0,0,0,0,0,0,0,0,0,0
Mulgore - Red Cloud Mesa: To Bloodhoof,-2936.139893,-1.519999981,189.0700073,0,0,0,0,373,1,0,0,0,0,0,0,0,0,0,0
Mulgore - Red Cloud Mesa: To Bloodhoof (End),-2333.389893,-388.4500122,-7.96999979,0,0,0,0,374,1,0,0,0,0,0,0,0,0,0,0
"Transport, Gadgetzan",0,0,0,0,0,0,0,375,0,0,0,0,0,0,0,0,0,0,0
Icecrown Raid - Airship Battle Taxi Paths,0,0,0,0,0,0,0,376,0,0,0,0,0,0,0,0,0,0,0
Icecrown Dungeon - Gunships,0,0,0,0,0,0,0,377,0,0,0,0,0,0,0,0,0,0,0
Quest - Dun Morogh - Coldridge Valley - Pack Your Bags End,0,0,0,0,0,0,0,378,0,0,0,0,0,0,0,0,0,30853,0
Icecrown Raid - Saurfang's Ship (End),-200.5899963,1437.530029,-452.269989,0,0,0,0,379,631,0,0,0,0,0,0,0,0,0,0
Icecrown Raid - Saurfang's Ship (Start),0,0,0,0,0,0,0,380,0,0,0,0,0,0,0,0,0,0,0
Quest [Transport] Icecrown Raid - Saurfang Ship (START),0,0,0,0,0,0,0,381,0,0,0,0,0,0,0,0,0,0,0
Quest [Transport] Icecrown Raid - Saurfang Ship (END),0,0,0,0,0,0,0,382,0,0,0,0,0,0,0,0,0,0,0
"Thondroril River, Eastern Plaguelands",1935.969971,-2694.47998,61.94710159,0.008,0.008,0,0,383,0,0,383,3,0,0,0,0,0,2224,541
"The Bulwark, Tirisfal",1726.619995,-740.9810181,59.92819977,-0.005,0.002,0,0,384,0,0,384,2,0,0,0,0,0,3574,0
"Mossy Pile, Un'Goro Crater",-6958.439941,-1095.23999,-272.6499939,0.004,-0.012,0,0,386,1,0,9,3,0,0,0,0,0,2224,541
"Honor's Stand, Southern Barrens",-335.2000122,-1532.439941,87.51000214,0.000998004,0.011627907,0,0,387,1,0,85,1,0,0,0,0,0,0,541
"Northwatch Hold, Southern Barrens",-2124.209961,-3561.790039,100.8899994,0,0,0,0,388,1,0,86,1,0,0,0,0,0,0,541
"Fort Triumph, Southern Barrens",-3150.25,-2286.27002,93.01000214,0,0,0,0,389,1,0,87,1,0,0,0,0,0,0,541
"Hunter's Hill, Southern Barrens",-798.7199707,-1590.869995,140.6300049,0.00998004,-0.002906977,0,0,390,1,0,34,2,0,0,0,0,0,2224,0
"Desolation Hold, Southern Barrens",-3288.850098,-1697.98999,122.6200027,0.02,0,0,0,391,1,0,15,2,0,0,0,0,0,2224,0
CC Prologue - GT - Quest - Vent Horizon - Start,-5448.5,-665.0800171,392.9500122,0,0,0,0,392,0,0,0,0,0,0,0,0,0,28625,28625
CC Prologue - GT - Quest - Vent Horizon - End,-5447.850098,-665.5900269,393.1600037,0,0,0,0,393,0,0,0,0,0,0,0,0,0,35146,35146
CC Prologue - GT - Battle Flight - Start,-5451.47998,-667.7299805,393.0100098,0,0,0,0,394,0,0,0,0,0,0,0,0,0,28625,28625
CC Prologue - GT - Battle Flight - End,-5434.709961,523.0900269,388.2999878,0,0,0,0,395,0,0,0,0,0,0,0,0,0,0,0
"Bloodhoof Village, Mulgore",-2299.540039,-379.0690002,-9.118289948,0.005,0,0,0,402,1,0,51,2,0,0,0,0,0,2224,0
Durotar - ET - CC Prologue Spy Frog Start,-839.6400146,-4985.350098,14.64999962,0,0,0,0,404,1,0,0,0,0,0,0,0,0,40203,0
Durotar - ET - CC Prologue Spy Frog End,-838.0100098,-4986.279785,14.75,0,0,0,0,405,1,0,0,0,0,0,0,0,0,40203,0
"Quest - ""To The Summit"" - Westreach Summit - End",-4305.919922,-923.5700073,81.15000153,0,0,0,0,413,1,0,0,0,0,0,0,0,0,0,0
"Quest - ""To The Summit"" - Camp Mojache -> Westreach Summit - Begin",-4568.220215,-3224.090088,34.86999893,0,0,0,0,414,1,0,0,0,0,0,0,0,0,2224,0
"Quest - ""To The Summit"" - Mudsprocket -> Westreach Summit - Begin",-4567.529785,-3224.610107,34.84000015,0,0,0,0,429,1,0,0,0,0,0,0,0,0,2224,0
"Quest - ""To New Thalanaar"" - Mudsprocket -> New Thalanaar - Begin",-4462.359863,-543.039978,5.400000095,0,0,0,0,433,1,0,0,0,0,0,0,0,0,0,36706
"Quest - ""To New Thalanaar"" - New Thalanaar - End",-4462.049805,-543.3900146,5.369999886,0,0,0,0,434,1,0,0,0,0,0,0,0,0,0,0
"Quest - ""To New Thalanaar"" - Shadebough -> New Thalanaar - Begin",-4997.680176,71.01000214,99.88999939,0,0,0,0,436,1,0,0,0,0,0,0,0,0,0,31315
Durotar - ET - CC Prologue Troll Taxi Bat Start,-838.8499756,-4985.990234,14.71000004,0,0,0,0,438,1,0,0,0,0,0,0,0,0,3574,0
Durotar - ET - CC Prologue Troll Recruit End,284.3800049,-4762.359863,12.56000042,0,0,0,0,439,1,0,0,0,0,0,0,0,0,3574,0
Durotar - ET - CC Prologue - Troll Battle End,-848.2000122,-5339.459961,3.069999933,0,0,0,0,440,1,0,0,0,0,0,0,0,0,0,0
"Dolanaar, Teldrassil",9873.099609,977.697998,1309.97998,0,0,0,0,456,1,0,36,1,0,0,0,0,0,0,3837
"Darnassus, Teldrassil",9968.799805,2622.090088,1316.079956,0,0,0,0,457,1,0,35,1,0,0,0,0,0,0,3837
"Nozzlepot's Outpost, Northern Barrens",1152.599976,-3381.73999,91.80539703,0.00499002,-0.004360465,0,0,458,1,0,46,2,0,0,0,0,0,2224,0
"Brill, Tirisfal Glades",2272.679932,372.0639954,35.76110077,0,-0.005,0,0,460,0,0,113,2,0,0,0,0,0,3574,0
Quest Path 2063: Brian's 4.0 Test Path ,16083.09961,16120.09961,69.44439697,0,0,0,0,509,451,0,0,0,0,0,0,0,0,28783,28783
"Fizzle & Pozzik's Speedbarge, Thousand Needles",-6075.370117,-3913.439941,21.62240028,0.017999999,0.01,0,0,513,1,0,47,3,0,0,0,0,0,2224,3837
"Smuggler's Scar, Vashj'ir",-4588.049805,3481.120117,-102.7180023,-0.01,-0.039999999,0,0,521,0,0,57,3,0,0,0,0,0,40848,40848
"Silver Tide Hollow, Vashj'ir",-6105.609863,4285.080078,-350.5,0,0.015,0,0,522,0,0,54,3,0,0,0,0,0,40848,40848
"Tranquil Wash, Vashj'ir",-6616.399902,4308.279785,-564.0770264,0.002,-0.002,0,0,523,0,0,60,1,0,0,0,0,0,0,40848
"Darkbreak Cove, Vashj'ir",-6902.25,5943.819824,-766.5159912,0.02,-0.055,0,0,524,0,0,59,1,0,0,0,0,0,0,40848
"Legion's Rest, Vashj'ir",-6805.629883,4199.850098,-480.946991,-0.007,-0.029999999,0,0,525,0,0,157,2,0,0,0,0,0,40848,0
"Tenebrous Cavern, Vashj'ir",-6507.990234,6075.25,-671.4609985,0.071999997,0.025,0,0,526,0,0,161,2,0,0,0,0,0,40848,0
"Dawnrise Expedition, Tanaris",-9487.889648,-2467.129883,16.72859955,0,0,0,0,531,1,0,78,2,0,0,0,0,0,2224,0
"Gunstan's Dig, Tanaris",-9493.709961,-2953.98999,12.68260002,0,0,0,0,532,1,0,81,1,0,0,0,0,0,0,541
"Sen'jin Village, Durotar",-780.2670288,-4890.279785,19.62150002,-0.005,0,0,0,536,1,0,63,2,0,0,0,0,0,3574,0
"Razor Hill, Durotar",269.9169922,-4766.759766,11.4946003,0,0.008,0,0,537,1,0,62,2,0,0,0,0,0,2224,0
test - JZB - Orgrim's Hammer,4.656939983,-2.343980074,34.32130051,0,0,0,0,538,622,0,0,0,0,0,0,0,0,0,0
"Bootlegger Outpost, Tanaris",-8683.089844,-4088.100098,40.05530167,0.01,0.014,0,0,539,1,0,77,3,0,0,0,0,0,2224,541
"The Sludgewerks, Stonetalon Mountains",1825.939941,727.2080078,162.1230011,0.01,0,0,0,540,1,0,165,2,0,0,0,0,0,2224,0
"Mirkfallon Post, Stonetalon Mountains",1379.420044,1034.859985,165.0879974,0.011,0,0,0,541,1,0,170,1,0,0,0,0,0,0,3837
"Whelgar's Retreat, Wetlands",-3222.929932,-1989.48999,50.54750061,0.016000001,0,0,0,551,0,0,168,1,0,0,0,0,0,0,541
"Greenwarden's Grove, Wetlands",-3306.649902,-2718.689941,20.48360062,-0.006,0,0,0,552,0,0,162,1,0,0,0,0,0,0,3837
"Dun Modr, Wetlands",-2656.540039,-2464.280029,80.33779907,0,0,0,0,553,0,0,176,1,0,0,0,0,0,0,541
"Slabchisel's Survey, Wetlands",-4113.600098,-2741.209961,18.99110031,0.01,-0.005,0,0,554,0,0,169,1,0,0,0,0,0,0,541
"Farstrider Lodge, Loch Modan",-5668.310059,-4253.439941,407.0150146,0.02,0.005,0,0,555,0,924,84,1,0,0,0,0,0,0,541
"Shrine of Aviana, Hyjal",4987.870117,-2676.189941,1426.359985,0,0,0,0,557,1,0,137,3,0,0,0,0,0,3837,3837
"Grove of Aessina, Hyjal",5163.509766,-1760.579956,1338.469971,0.01,-0.015,0,0,558,1,0,91,3,0,0,0,0,0,3837,3837
"Nordrassil, Hyjal",5584.060059,-3569.840088,1570.599976,0,0,0,0,559,1,0,90,3,0,0,0,0,0,3837,3837
"Quest Path 2171: [3.x] Transport, Org -> Undercity (Thundercaller)",1281.25,-4803.459961,19.67779922,0,0,0,0,560,1,0,0,0,0,0,0,0,0,3574,3574
"Quest Path 2172: [3.x] Transport, Thunder Bluff -> Org (Zephyr)",1338.449951,-4788.790039,23.72089958,0,0,0,0,561,1,0,0,0,0,0,0,0,0,3574,3574
"Quest Path 2173: [3.x] Transport, Borean Tundra -> Org (Mighty Wind)",1288.01001,-4702.069824,18.96829987,0,0,0,0,562,1,0,0,0,0,0,0,0,0,3574,3574
"Quest Path 2174: [3.x] Transport, Grom'gol -> Orgrimmar (The Iron Eagle)",1283.839966,-4644.629883,34.75669861,0,0,0,0,563,1,0,0,0,0,0,0,0,0,3574,3574
Quest Path 2175: Stonetalon 4.x - Taxi to Thal'darah Overlook Start,2146.429932,1538.280029,341.243988,0,0,0,0,564,1,0,0,0,0,0,0,0,0,27127,27127
"Dreamer's Rest, Feralas",-3136.620117,1951.670044,41.59880066,0.01,-0.01,0,0,565,1,0,155,1,0,0,0,0,0,0,3837
"Tower of Estulan, Feralas",-4863.640137,1478.160034,84.84750366,0,0,0,0,567,1,0,88,1,0,0,0,0,0,0,3837
"Camp Ataya, Feralas",-3081.699951,2560.100098,50.17910004,-0.007,0,0,0,568,1,0,158,2,0,0,0,0,0,2224,0
"Stonemaul Hold, Feralas",-4606.52002,1898.189941,107.848999,0,0,0,0,569,1,0,89,2,0,0,0,0,0,2224,0
Quest Path 2201: Dun Morogh - Quest - Flight to Ironforge Airfield,-4490.060059,-1585.560059,509.0050049,0,0,0,0,574,0,0,0,0,0,0,0,0,0,28625,28625
Quest Path 2203: Dun Morogh - Quest - Striking Back (Bombing Run),-4560.149902,-1641.189941,503.3240051,0,0,0,0,575,0,0,0,0,0,0,0,0,0,42097,42097
"Quest Path 2206: Ironforge, Dun Morogh - Quest - Breadcrumb to Loch Modan",-5530.819824,-2377.97998,400.6090088,0,0,0,0,577,0,0,0,0,0,0,0,0,0,541,541
Quest Path 2207: Dun Morogh - Quest - Flight to Gol'Bolar from Ironforge Airfield,-5689.370117,-1568.72998,383.2309875,0,0,0,0,578,0,0,0,0,0,0,0,0,0,28625,28625
"Goldshire, Elwynn",-9433.990234,85.14929962,56.73400116,0.005,-0.01,0,0,582,0,0,96,1,0,0,0,0,0,0,541
"Moonbrook, Westfall",-10876.90039,1542.880005,54.52890015,0,0,0,0,583,0,0,92,1,0,0,0,0,0,0,541
"Furlbrow's Pumpkin Farm, Westfall",-9838.509766,1273.930054,40.70669937,0.01,0,0,0,584,0,0,95,1,0,0,0,0,0,0,541
"Quest Path 293: Transport, Auberdine -> Rut'theran Village, Teldrassil (NO LONGER USED in 4.x)",8334.759766,1029.829956,22.79170036,0,0,0,0,585,1,0,0,0,0,0,0,0,0,3574,3574
Justin Test Node 1,2186.689941,1241.300049,465.7049866,0,0,0,0,586,1,0,0,0,0,0,0,0,0,42886,27397
Justin Test Node 2,2186.689941,1241.300049,465.7049866,0,0,0,0,587,1,0,0,0,0,0,0,0,0,27397,27397
"Eastvale Logging Camp, Elwynn",-9475.709961,-1306.73999,44.14960098,0.005,0.007,0,0,589,0,0,97,1,0,0,0,0,0,0,541
"Fort Livingston, Stranglethorn",-12828.7998,-413.7099915,12.96660042,0,0.003,0,0,590,0,0,98,1,0,0,0,0,0,0,541
"Explorers' League Digsite, Stranglethorn",-13600.90039,-85.54859924,37.80780029,0.01,-0.015,0,0,591,0,0,103,1,0,0,0,0,0,0,541
"Hardwrench Hideaway, Stranglethorn",-13288.2998,722.0280151,3.753890038,0.007,0,0,0,592,0,0,175,2,0,0,0,0,0,2224,0
"Bambala, Stranglethorn",-12092.2002,-814.098999,42.34109879,-0.007,0,0,0,593,0,0,174,2,0,0,0,0,0,2224,0
"Whisperwind Grove, Felwood",6078.509766,-844.9979858,412.2739868,0,-0.024,0,0,594,1,0,104,3,0,0,0,0,0,54271,3837
"Wildheart Point, Felwood",4734.160156,-883.8060303,342.9339905,0,0,0,0,595,1,0,105,3,0,0,0,0,0,2224,3837
"Shalewind Canyon, Redridge",-9641.669922,-3479.370117,121.9560013,0,0.01,0,0,596,0,0,173,1,0,0,0,0,0,0,541
"Irontree Clearing, Felwood",6892.689941,-1620.410034,503.1059875,0,-0.008,0,0,597,1,0,106,2,0,0,0,0,0,2224,0
"Marshtide Watch, Swamp of Sorrows",-10176.59961,-3836.540039,17.98600006,0,0.027000001,0,0,598,0,0,108,1,0,0,0,0,0,0,541
"Bogpaddle, Swamp of Sorrows",-9737.080078,-3890.719971,22.72999954,-0.007,-0.005,0,0,599,0,0,107,3,0,0,0,0,0,2224,541
"The Harborage, Swamp of Sorrows",-10118.59961,-2852.47998,23.46409988,-0.01,0.015,0,0,600,0,0,109,5,0,0,0,0,0,0,3837
"Galen's Fall, Arathi",-952.3770142,-1585.73999,51.30039978,0,0,0,0,601,0,0,172,6,0,0,0,0,0,3574,0
"Surwich, Blasted Lands",-12761.90039,-2919.040039,7.048359871,-0.008,0.005,0,0,602,0,0,110,1,0,0,0,0,0,0,3837
"Sunveil Excursion, Blasted Lands",-12357.59961,-3058.22998,90.32420349,0,0,0,0,603,0,0,111,2,0,0,0,0,0,19917,0
"Dreadmaul Hold, Blasted Lands",-10933.2998,-2790.97998,25.69680023,-0.01,0.015,0,0,604,0,0,112,6,0,0,0,0,0,2224,0
"Voldrin's Hold, Vashj'ir",-7209.709961,3925.850098,14.74660015,0,0,0,0,605,0,0,134,1,0,0,0,0,0,0,541
"Sandy Beach, Vashj'ir",-5310.850098,3914.419922,3.224329948,0,0,0,0,606,0,0,133,1,0,0,0,0,0,0,541
"Sandy Beach, Vashj'ir",-5267.350098,3900.27002,0.974906027,0,0,0,0,607,0,0,131,1,0,0,0,0,0,0,40848
"Sandy Beach, Vashj'ir",-5671.02002,3720.070068,1.915689945,0,0,0,0,608,0,0,115,2,0,0,0,0,0,2224,0
"Sandy Beach, Vashj'ir",-5669.189941,3711.810059,1.162780046,0,0,0,0,609,0,0,114,2,0,0,0,0,0,40848,0
"Stygian Bounty, Vashj'ir",-6878.52002,4244.709961,9.775919914,0.039999999,0,0,0,610,0,0,116,2,0,0,0,0,0,2224,0
"Voldrin's Hold, Vashj'ir",-7198.970215,3912.360107,3.851200104,0,0,0,0,611,0,0,132,1,0,0,0,0,0,0,40848
"Stygian Bounty, Vashj'ir",-6880.169922,4278.060059,2.151299953,0.050000001,0,0,0,612,0,0,178,2,0,0,0,0,0,40848,0
"Southern Rocketway, Azshara",2647.790039,-6214.399902,100.1110001,0.004,0,0,0,613,1,0,135,2,0,0,0,0,0,28625,0
"Northern Rocketway, Azshara",4611.379883,-7041.799805,153.8430023,0.007,0,0,0,614,1,0,136,2,0,0,0,0,0,28625,0
"Camp Everstill, Redridge",-9446.639648,-2836.98999,64.57610321,0.01,-0.008,0,0,615,0,0,171,1,0,0,0,0,0,0,541
"Gates of Sothann, Hyjal",4059.399902,-3966.75,970.1489868,0.012,-0.01,0,0,616,1,0,138,3,0,0,0,0,0,43538,43538
"Hiri'watha Research Station, The Hinterlands",-25.77599907,-2821.780029,125.1699982,0,0.008,0,0,617,0,0,143,2,0,0,0,0,0,3574,0
"Stormfeather Outpost, The Hinterlands",312.3259888,-4105.359863,118.2890015,0.007,0.003,0,0,618,0,0,142,1,0,0,0,0,0,0,541
"Kharanos, Dun Morogh",-5660.799805,-494.8510132,397.0079956,0.007,0,0,0,619,0,0,144,1,0,0,0,0,0,0,541
"Gol'Bolar Quarry, Dun Morogh",-5714.140137,-1578.640015,383.20401,0.012,0.008,0,0,620,0,0,145,1,0,0,0,0,0,0,541
Quest Path 2367: QA's Test Path 1,2845.939941,769.9650269,0,0,0,0,0,621,606,0,0,0,0,0,0,0,0,13161,13161
"Raven Hill, Duskwood",-10737.59961,267.0429993,42.34780121,0,-0.009,0,0,622,0,0,177,1,0,0,0,0,0,0,541
Quest Path 2374: Deeopholm Test Copy,1222.719971,-278.9760132,42.02550125,0,0,0,0,623,646,0,0,0,0,0,0,0,0,3574,3574
"Azure Watch, Azuremyst Isle",-4130.080078,-12520.5,44.33050156,0.01,-0.01,0,0,624,530,924,146,1,0,0,0,0,0,0,3837
"Fairbreeze Village, Eversong Woods",8745.780273,-6654.120117,69.91660309,-0.006,0,0,0,625,530,0,181,2,0,0,0,0,0,19917,0
"Quest Path 508: zzzThe Exodar -> Blood Watch, Bloodmyst Isle",-3864.98999,-11643.2998,-137.6459961,0,0,0,0,626,530,0,0,0,0,0,0,0,0,3837,3837
"Quest Path 2376: zzzThe Exodar -> Azure Watch, Azuremyst Isle",-3864.26001,-11646.09961,-137.6369934,0,0,0,0,627,530,0,0,0,0,0,0,0,0,3837,3837
"Quest Path 507: zzzBlood Watch, Bloodmyst Isle -> The Exodar",-3865.949951,-11644.59961,-137.6490021,0,0,0,0,628,530,0,0,0,0,0,0,0,0,3837,3837
"Quest Path 2375: zzzAzure Watch, Azuremyst Isle -> The Exodar",-3870.300049,-11645.7002,-137.6719971,0,0,0,0,629,530,0,0,0,0,0,0,0,0,3837,3837
"Light's Shield Tower, Eastern Plaguelands",2262.100098,-4411.52002,111.6520004,0.015,0,0,0,630,0,0,148,3,0,0,0,0,0,44248,44248
"Falconwing Square, Eversong Woods",9501.929688,-6767.089844,16.49360085,0,0.01,0,0,631,530,0,180,2,0,0,0,0,0,19917,0
"Bloodwatcher Point, Badlands",-6898.25,-3513.98999,242.0850067,0,-0.015,0,0,632,0,0,186,2,0,0,0,0,0,2224,0
"Dustwind Dig, Badlands",-6594.089844,-3401.179932,279.2090149,0,0,0,0,633,0,0,188,1,0,0,0,0,0,0,541
"Dragon's Mouth, Badlands",-7034.529785,-2570.790039,252.1529999,0.007,-0.009,0,0,634,0,0,182,1,0,0,0,0,0,0,541
"Fuselight, Badlands",-6574.939941,-3875.129883,390.9400024,0.007,0,0,0,635,0,0,187,3,0,0,0,0,0,2224,541
"Forsaken High Command, Silverpine Forest",1421.02002,1018.22998,52.66719818,0,-0.015,0,0,645,0,0,193,2,0,0,0,0,0,3574,0
"Forsaken Forward Command, Gilneas",-910.2210083,1638.599976,68.36959839,0,0,0,0,646,0,10723,189,2,0,0,0,0,0,3574,0
"Andorhal, Western Plaguelands",1511.800049,-1586.949951,64.34190369,0.004,0,0,0,649,0,0,194,2,0,0,0,0,0,3574,0
"Andorhal, Western Plaguelands",1374.22998,-1281.939941,59.17399979,0,0,0,0,650,0,10988,197,1,0,0,0,0,0,0,541
"The Menders' Stead, Western Plaguelands",1864.319946,-1755.819946,59.66199875,0.01,-0.007,0,0,651,0,0,198,3,0,0,0,0,0,3837,3837
"Ramkahen, Uldum",-9415.019531,-1042.969971,113.3960037,0,0,0,0,652,1,0,221,3,0,0,0,0,0,2224,541
"Oasis of Vir'sar, Uldum",-8375.469727,791.2589722,148.4219971,0,0,0,0,653,1,0,219,3,0,0,0,0,0,48277,48277
"The Forsaken Front, Silverpine Forest",-114.1419983,1312.319946,56.74160004,-0.008,0,0,0,654,0,0,199,2,0,0,0,0,0,3574,0
"Crushblow, Twilight Highlands",-4831.759766,-4848.930176,198.9470062,0,0,0,0,656,0,0,201,2,0,0,0,0,0,2224,0
"The Gullet, Twilight Highlands",-3494.629883,-4379.47998,210.4920044,0.017000001,-0.0005,0,0,657,0,0,206,2,0,0,0,0,0,2224,0
"Vermillion Redoubt, Twilight Highlands",-3032.76001,-3940.969971,282.3269958,0.013,-0.008,0,0,658,0,10950,204,3,0,0,0,0,0,26899,26899
"Bloodgulch, Twilight Highlands",-3637.560059,-5288.189941,42.64419937,0.01,-0.007,0,0,659,0,0,210,2,0,0,0,0,0,2224,0
"The Krazzworks, Twilight Highlands",-2780.179932,-6409.279785,231.9049988,0,0,0,0,660,0,0,200,2,0,0,0,0,0,28625,0
"Dragonmaw Port, Twilight Highlands",-4012.449951,-6329.25,39.30899811,0,0,0,0,661,0,0,211,2,0,0,0,0,0,2224,0
"Highbank, Twilight Highlands",-4863.100098,-6740.609863,9.416769981,0,0,0,0,662,0,0,203,1,0,0,0,0,0,0,541
"Victor's Point, Twilight Highlands",-4170.549805,-4748.930176,126.7870026,0,0,0,0,663,0,0,202,1,0,0,0,0,0,0,541
"Firebeard's Patrol, Twilight Highlands",-4183.899902,-5620.149902,25.21030045,0,-0.008,0,0,664,0,0,207,1,0,0,0,0,0,0,541
"Thundermar, Twilight Highlands",-3146.919922,-4994.279785,128.4850006,-0.007,-0.015,0,0,665,0,0,208,1,0,0,0,0,0,0,541
"Kirthaven, Twilight Highlands",-2689.429932,-5427.529785,190.2070007,0.015,-0.008,0,0,666,0,0,209,1,0,0,0,0,0,0,541
"Ruins of Southshore, Hillsbrad",-661.8369751,-536.492981,28.21500015,0,0.009,0,0,667,0,0,212,2,0,0,0,0,0,3574,0
"Southpoint Gate, Hillsbrad",-605.184021,435.4649963,79.44470215,-0.006,0,0,0,668,0,0,214,2,0,0,0,0,0,3574,0
"Eastpoint Tower, Hillsbrad",-566.8889771,-1051.199951,59.4054985,0,-0.007,0,0,669,0,0,215,2,0,0,0,0,0,3574,0
"Strahnbrad, Alterac Mountains",622.8510132,-979.5780029,169.6210022,0.009,0.02,0,0,670,0,0,216,2,0,0,0,0,0,3574,0
"Hearthglen, Western Plaguelands",2839.780029,-1500.51001,146.0890045,0,0.029999999,0,0,672,0,0,217,3,0,0,0,0,0,44248,44248
"Iron Summit, Searing Gorge",-7123.060059,-1236.630005,290.131012,0,-0.005,0,0,673,0,0,218,3,0,0,0,0,0,2224,541
"Schnottz's Landing, Uldum",-10711.90039,1059.619995,24.14900017,0,0,0,0,674,1,0,220,3,0,0,0,0,0,28360,28360
"Flamestar Post, Burning Steppes",-8092.259766,-1025.790039,132.6660004,-0.012,0,0,0,675,0,0,222,3,0,0,0,0,0,2224,541
"Chiselgrip, Burning Steppes",-7865.930176,-1919.530029,144.7220001,0,-0.015,0,0,676,0,0,223,3,0,0,0,0,0,2224,541
"Forsaken Rear Guard, Silverpine Forest",1056.060059,1518.900024,30.13839912,0,0,0,0,681,0,0,224,2,0,0,0,0,0,3574,0
Quest Path 1843: Transport - Gadgetzan to ??? JZB RVM Test [DISABLED],-7141.790039,-3977.97998,6.686570168,0,0,0,0,682,1,0,0,0,0,0,0,0,0,36071,36071
"Valormok, Azshara",2988.129883,-4161.359863,101.2699966,0,-0.01,0,0,683,1,0,225,6,0,0,0,0,0,2224,0
Quest Path 2653: 4.1 - ZG Event - Rebel Camp -> Explorers' League,-13602.40039,-81.42189789,36.79159927,0,0,0,0,728,0,0,0,0,0,0,0,0,0,541,541
Quest Path 2695: PattyMac Taxi Path Speed Test,16624.19922,16746.59961,39.47719955,0,0,0,0,757,451,0,0,0,0,0,0,0,0,28783,28783
"Sanctuary of Malorne, Hyjal",4397.790039,-2107.530029,1204.339966,0,0,0,0,781,1,0,229,3,0,0,0,0,0,3837,3837
Dragon Soul Raid - Wyrmrest Temple Base,-1786.569946,-2393.290039,45.58050156,0,0,0,0,906,967,0,0,0,0,0,0,0,0,31717,31717
Dragon Soul Raid - East Sarlac,-1768.579956,-3034.75,149.9400024,0,0,0,0,907,967,0,241,0,0,0,0,0,0,31717,31717
